most abundant mass,monoisotopic mass,probability -1Da,probability 0Da,probability +1Da
42333.0201826775,42306.9540514872,0.335378323108384,0.482617586912065,0.159509202453988
38889.2267875831,38865.1669169723,0.264423076923077,0.342948717948718,0.360576923076923
31465.7796666418,31446.7311952761,0.0719936708860759,0.829905063291139,0.0965189873417722
41000.2681306375,40975.2048058108,0.156966490299824,0.679012345679012,0.144620811287478
17255.5790268167,17245.5533745399,0.178504672897196,0.809345794392523,0.011214953271028
41569.2471329476,41544.1827753683,0.247282608695652,0.527173913043478,0.179347826086957
34741.493997952,34720.4404954628,0.315398886827458,0.510204081632653,0.103896103896104
38686.4516615008,38662.3921127425,0.175803402646503,0.387523629489603,0.387523629489603
38278.4897256564,38255.4308044649,0.17910447761194,0.743554952510176,0.0312075983717775
34504.5627224202,34483.5096517847,0.228980322003578,0.508050089445438,0.237924865831843
11366.3975361137,11359.3807745024,0.167883211678832,0.652068126520681,0.178426601784266
42889.086461546,42863.0192922099,0.53405017921147,0.387096774193548,0.0734767025089606
34102.4398025607,34081.3874648731,0.116104868913858,0.453183520599251,0.411985018726592
20986.7399384426,20973.7086973945,0.0404267265581134,0.258843346434587,0.699887703537339
8812.65086454018,8807.63830823062,0.0171875,0.971875,0.0109375
30006.1868876528,29988.140761564,0.330173775671406,0.614533965244866,0.0442338072669826
36571.9132781838,36549.8570945978,0.301176470588235,0.550588235294118,0.0705882352941176
50475.6540906338,50444.5762343874,0.155709342560554,0.581314878892734,0.211072664359862
35053.7781464057,35032.7240747174,0.344827586206897,0.448275862068966,0.0413793103448276
32091.7448010608,32072.69499475,0.201312910284464,0.564551422319475,0.210065645514223
26214.9593408567,26198.9194703566,0.0774647887323944,0.704225352112676,0.211267605633803
21658.2684123135,21645.2359137891,0.0615577889447236,0.850502512562814,0.0866834170854271
11730.141177081,11723.1239875463,0.0127877237851662,0.849104859335038,0.137254901960784
48356.7960171701,48326.7216034821,0.0749185667752443,0.498371335504886,0.374592833876221
55583.427858728,55549.3417248115,0.217791411042945,0.539877300613497,0.165644171779141
55818.2464750041,55784.1599170229,0.335423197492163,0.498432601880878,0.115987460815047
38448.6230835866,38425.5638690655,0.184534270650264,0.57469244288225,0.184534270650264
12697.278440818,12690.260113502,0.260909090909091,0.737272727272727,0
49527.6330363851,49497.5567559477,0.310580204778157,0.42320819112628,0.160409556313993
35954.3059387197,35932.2501762819,0.19047619047619,0.575757575757576,0.216450216450216
31826.6554331121,31807.6061921359,0.122077922077922,0.844155844155844,0.0268398268398268
40555.6013977258,40530.5388800127,0.0793413173652695,0.417664670658683,0.483532934131737
32921.3784211691,32901.3280072334,0.178649237472767,0.596949891067538,0.222222222222222
53541.4835236609,53508.4006670364,0.142857142857143,0.55,0.246428571428571
31100.0504587177,31081.002767313,0.0774193548387097,0.666666666666667,0.247311827956989
46420.8548119463,46392.7833745629,0.279452054794521,0.468493150684932,0.213698630136986
40924.4173259771,40899.354138827,0.138709677419355,0.687096774193548,0.164516129032258
43090.5161732997,43064.4486279051,0.351744186046512,0.537790697674419,0.0901162790697674
13161.4063120216,13153.386816596,0.0518053375196232,0.7425431711146,0.205651491365777
16059.5584798896,16050.5348304797,0.272727272727273,0.586363636363636,0.137272727272727
51555.8930188558,51523.8129164396,0.321678321678322,0.365967365967366,0.265734265734266
26055.2713225088,26039.2316797512,0.0725663716814159,0.623008849557522,0.295575221238938
24389.2529768913,24374.2158196082,0.0451388888888889,0.625,0.322916666666667
48519.8938927224,48489.8192189958,0.115789473684211,0.498245614035088,0.343859649122807
36163.9230077496,36141.8671023733,0.211845102505695,0.621867881548975,0.136674259681093
29642.4999012253,29624.4543961441,0.163934426229508,0.688524590163934,0.14207650273224
35227.3057125875,35206.2513246111,0.311336717428088,0.434856175972927,0.0998307952622673
16952.5971191841,16942.5719047814,0.0732177263969171,0.884393063583815,0.0404624277456647
12467.8348793269,12460.816821938,0.128794848206072,0.869365225390984,0
48948.177053876,48918.1016973068,0.153374233128834,0.592024539877301,0.223926380368098
38693.3376563071,38669.2780966191,0.175803402646503,0.387523629489603,0.387523629489603
11839.8724479697,11832.8551293425,0.0188172043010753,0.896057347670251,0.0842293906810036
35230.7160581073,35209.6616639149,0.311336717428088,0.434856175972927,0.0998307952622673
50268.8839043969,50237.8064032445,0.101587301587302,0.577777777777778,0.26984126984127
8734.74085601025,8729.72838606236,0.0107361963190184,0.953220858895706,0.0360429447852761
52112.098346925,52080.0176462403,0.179577464788732,0.53169014084507,0.257042253521127
21631.5124874377,21618.4800390153,0.0590361445783133,0.840963855421687,0.0963855421686747
33746.4076624514,33725.3559737022,0.232848232848233,0.46985446985447,0.261954261954262
8405.46055813175,8400.44845318441,0.00298284862043251,0.734526472781506,0.262490678598061
17206.9053146143,17196.8797326815,0.154478976234004,0.8327239488117,0.0118829981718464
14385.7452254709,14377.7242091485,0.273260687342833,0.656328583403185,0.0678960603520536
30004.5577520664,29986.5116287595,0.323763955342903,0.620414673046252,0.0446570972886762
22658.5482584412,22644.5139271689,0.144736842105263,0.614035087719298,0.238304093567251
39387.5297575395,39363.4690960029,0.167664670658683,0.62874251497006,0.177644710578842
39867.0060294121,39842.9446068321,0.353960396039604,0.551980198019802,0.0693069306930693
27029.6859294014,27013.6448969612,0.275985663082437,0.691756272401434,0.0232974910394265
26488.4095213029,26472.3692608158,0.103448275862069,0.787931034482759,0.1
34711.0080921453,34689.9546452226,0.294871794871795,0.523809523809524,0.10989010989011
33185.0787110514,33165.0279092824,0.20954356846473,0.676348547717842,0.105809128630705
34395.5588203194,34374.5059483649,0.176576576576577,0.497297297297297,0.311711711711712
14388.7906889659,14380.7696688604,0.273260687342833,0.656328583403185,0.0678960603520536
35333.2348943646,35311.1795554369,0.282534246575342,0.433219178082192,0.157534246575342
37446.8339734579,37423.7764861376,0.101580135440181,0.645598194130926,0.225733634311512
50858.514677044,50827.4361632972,0.280821917808219,0.530821917808219,0.143835616438356
39492.247275119,39468.1864473707,0.199124726477024,0.652078774617068,0.12472647702407
26066.6289966064,26050.5893376508,0.0729166666666667,0.630208333333333,0.288194444444444
34984.9119297755,34963.8579836094,0.352542372881356,0.467796610169492,0.0491525423728814
38767.5843239388,38743.5246464036,0.24390243902439,0.333333333333333,0.395121951219512
17728.7745754537,17718.7482393075,0.23972602739726,0.593933463796477,0.163405088062622
21533.3373290803,21520.3050644966,0.0366774541531823,0.802588996763754,0.158576051779935
35338.9270387957,35316.8716959865,0.281833616298812,0.431239388794567,0.161290322580645
28081.8741354441,28064.8313892912,0.138240574506284,0.714542190305206,0.141831238779174
54664.7496500519,54630.6651751991,0.170454545454545,0.53030303030303,0.234848484848485
14092.7250655145,14084.7044131873,0.153138075313808,0.844351464435146,0.00251046025104603
26521.5507602204,26505.5104524682,0.104991394148021,0.795180722891566,0.0929432013769363
40421.8747626207,40396.8124876345,0.0627009646302251,0.358520900321543,0.551446945337621
53917.2836276228,53884.2001753254,0.190114068441065,0.547528517110266,0.212927756653992
47137.1655080154,47108.0928482214,0.128526645768025,0.58307210031348,0.266457680250784
38703.2670142921,38679.2074388438,0.191605839416058,0.372262773722628,0.388686131386861
35367.8909416447,35345.835579085,0.280388978930308,0.423014586709887,0.178282009724473
10850.5705791798,10844.5549319415,0.0867625185919683,0.912741695587506,0
42960.1548768806,42934.0875748636,0.415909090909091,0.488636363636364,0.0863636363636364
52443.0444866776,52410.9634300188,0.206521739130435,0.550724637681159,0.206521739130435
49646.0630230073,49615.9865537485,0.245901639344262,0.432786885245902,0.232786885245902
14562.565153588,14553.5435139103,0.2053494391717,0.626402070750647,0.165660051768766
13397.0063746378,13388.9865865454,0.0153349475383374,0.876513317191283,0.105730427764326
28564.75181141,28547.708350085,0.225988700564972,0.696798493408663,0.0677966101694915
14278.4338416581,14270.4129586399,0.271893244370309,0.726438698915763,0
40648.0065954906,40622.943910053,0.0991379310344828,0.488505747126437,0.395114942528736
53833.3623621316,53800.279042856,0.198473282442748,0.530534351145038,0.225190839694656
46953.0766137278,46924.0042687943,0.110032362459547,0.530744336569579,0.326860841423948
37712.4434526774,37689.3855074155,0.12987012987013,0.686147186147186,0.164502164502165
38940.4134366989,38916.3534848426,0.270061728395062,0.356481481481481,0.347222222222222
27124.2591140474,27108.2179467296,0.290035587188612,0.653024911032028,0.0462633451957295
27709.1396618104,27692.0974677006,0.0737410071942446,0.629496402877698,0.289568345323741
17782.8594547527,17771.8328434259,0.203155818540434,0.59861932938856,0.194280078895464
12773.3973057698,12766.3788889043,0.242608695652174,0.700869565217391,0.0547826086956522
30860.1686881896,30841.1215083613,0.0332594235033259,0.623059866962306,0.339246119733925
23040.8462650693,23026.8113889854,0.0499243570347958,0.767019667170953,0.178517397881997
14636.7547755058,14627.7330362276,0.155516941789748,0.642050390964379,0.199826238053866
49629.385075903,49599.308633235,0.264900662251656,0.433774834437086,0.208609271523179
17381.9103715862,17371.8845367334,0.25071496663489,0.742612011439466,0.00476644423260248
47830.8055796839,47801.7317335073,0.287925696594427,0.582043343653251,0.086687306501548
25180.0180798294,25164.9797112226,0.157575757575758,0.78030303030303,0.0515151515151515
28017.2028620323,28000.1602116616,0.129893238434164,0.706405693950178,0.156583629893238
45815.296993196,45787.2262231635,0.191489361702128,0.60790273556231,0.185410334346505
13692.215382177,13684.1952273704,0.0372208436724566,0.933829611248966,0.0264681555004136
46597.7545434835,46568.682806283,0.21763085399449,0.435261707988981,0.31129476584022
17761.6562415418,17750.6296620185,0.222005842259007,0.596884128529698,0.177215189873418
30155.707966077,30137.6615846761,0.341030195381883,0.614564831261101,0.0301953818827709
39077.7254736736,39053.6653038703,0.274217585692996,0.415797317436662,0.287630402384501
40969.6501439186,40944.5868746665,0.153976311336717,0.676818950930626,0.153976311336717
49498.8878802424,49468.8116456355,0.333333333333333,0.430555555555556,0.125
47349.3648295017,47320.2918067679,0.155425219941349,0.648093841642229,0.178885630498534
46939.7068948979,46910.6345728316,0.108626198083067,0.530351437699681,0.329073482428115
17803.3605611178,17792.3339190407,0.186705767350929,0.602150537634409,0.207233626588465
52595.6506770397,52563.5694562338,0.250909090909091,0.52,0.178181818181818
32154.2258532512,32134.1765675935,0.175054704595186,0.562363238512035,0.238512035010941
14244.2864913766,14236.2656507769,0.252719665271967,0.743933054393305,0.00167364016736402
40928.2522187262,40903.1890246154,0.140983606557377,0.683606557377049,0.163934426229508
21710.8912606885,21697.8586636247,0.086734693877551,0.834183673469388,0.0778061224489796
24346.2906639222,24331.2535724504,0.0821678321678322,0.601398601398601,0.311188811188811
25570.1811258466,25555.1421595734,0.363047001620746,0.536466774716369,0.0761750405186386
35048.3583205988,35027.3042587892,0.344827586206897,0.448275862068966,0.0413793103448276
38547.1418168215,38523.0824891812,0.156312625250501,0.490981963927856,0.298597194388778
51837.9561166531,51805.8757108427,0.239554317548747,0.448467966573816,0.275766016713092
46457.5573980766,46429.4859202453,0.268617021276596,0.460106382978723,0.234042553191489
25107.1351351822,25092.0968782202,0.147590361445783,0.784638554216867,0.0587349397590361
51852.3660012738,51820.2855799637,0.221574344023324,0.466472303206997,0.274052478134111
27491.6498536685,27474.6079816747,0.115789473684211,0.552631578947368,0.32280701754386
38733.1670010646,38709.1073781579,0.226415094339623,0.339622641509434,0.39622641509434
41173.916816046,41148.8531760299,0.196304849884527,0.665127020785219,0.110854503464203
35426.0498382169,35403.9944359984,0.328335832083958,0.397301349325337,0.182908545727136
45786.4567306133,45758.3859923641,0.177710843373494,0.617469879518072,0.189759036144578
18034.3077964764,18023.2808079938,0.0171543895055499,0.714429868819374,0.263370332996973
39505.4107451492,39481.3498965073,0.205357142857143,0.651785714285714,0.118303571428571
18373.2417742311,18362.2142773699,0.0817610062893082,0.820754716981132,0.0943396226415094
21427.0534871529,21414.0214215919,0.019485580670304,0.565081839438815,0.413873733437256
53188.1281177969,53155.0458212687,0.103896103896104,0.461038961038961,0.37012987012987
40249.9990420606,40224.9370790456,0.106571936056838,0.355239786856128,0.504440497335702
22936.1663823418,22922.1316554368,0.0409356725146199,0.725146198830409,0.22953216374269
33354.9731679479,33334.9221163093,0.258264462809917,0.652892561983471,0.0661157024793388
49959.9316292308,49928.8546586534,0.0918367346938776,0.476190476190476,0.397959183673469
43008.5025087307,42982.4351164513,0.343007915567282,0.54353562005277,0.102902374670185
25167.3780245727,25152.3396753284,0.157337367624811,0.780635400907716,0.0514372163388805
48216.9489393509,48186.8747486312,0.147058823529412,0.486928104575163,0.310457516339869
43383.6094121661,43356.5426488809,0.215946843853821,0.481727574750831,0.249169435215947
35367.7599880925,35345.7046256221,0.280388978930308,0.423014586709887,0.178282009724473
31543.3807190694,31524.3320822102,0.0730659025787966,0.847421203438395,0.0787965616045845
12089.7955542451,12082.7779415977,0.036837376460018,0.94429469901168,0.0179694519317161
15460.8033733807,15451.780527807,0.0912476722532588,0.894785847299814,0.0130353817504655
21117.629965727,21104.5984795797,0.0180944303081708,0.229007633587786,0.752332485156913
13895.2674213687,13887.2470143271,0.0742904841402337,0.919866444073456,0.00584307178631052
37311.7900387875,37288.7327842987,0.0880361173814898,0.577878103837472,0.306997742663657
12969.2220112493,12961.2027545587,0.166532582461786,0.6733708769107,0.15929203539823
47345.6521544463,47316.5791380626,0.155425219941349,0.648093841642229,0.178885630498534
14963.8109203759,14954.7887420207,0.00984780662488809,0.830796777081468,0.158460161145927
19809.3723360069,19797.342595854,0.0225846925972397,0.790464240903388,0.18444165621079
34558.8130653564,34537.759895839,0.25,0.525735294117647,0.1875
31550.379787311,31531.3311355254,0.0731182795698925,0.851612903225806,0.0752688172043011
26532.5563348619,26516.5160114139,0.109983079526227,0.791878172588833,0.0913705583756345
14746.2912164224,14737.2693300901,0.0575221238938053,0.706194690265487,0.235398230088496
37877.8769900445,37854.818759556,0.132325141776938,0.731568998109641,0.102079395085066
16444.0646419669,16434.0401625031,0.020109689213894,0.702010968921389,0.274223034734918
42576.2006777337,42550.1340925385,0.566666666666667,0.328985507246377,0.091304347826087
38648.0324416365,38623.9729538587,0.156626506024096,0.43574297188755,0.353413654618474
49761.0570633429,49729.9804343001,0.191419141914191,0.452145214521452,0.283828382838284
35298.4893095732,35277.4347918508,0.306020066889632,0.429765886287625,0.130434782608696
52389.7076986646,52357.6266993762,0.199288256227758,0.555160142348754,0.217081850533808
8765.79516586181,8760.78266149085,0.0124804992199688,0.968798751950078,0.0187207488299532
27185.5382687918,27169.4970140794,0.262969588550984,0.606440071556351,0.119856887298748
17536.5038158078,17526.4777575342,0.318650421743205,0.641049671977507,0.0374882849109653
50359.5829621624,50328.5053052492,0.12621359223301,0.563106796116505,0.262135922330097
22999.079028491,22985.0442119294,0.0477611940298507,0.755223880597015,0.192537313432836
27371.8235995105,27354.7819049869,0.171122994652406,0.557932263814617,0.262032085561497
24949.6113491061,24934.573333445,0.112138728323699,0.815028901734104,0.0682080924855491
20305.2753771058,20293.2449784789,0.158016147635525,0.799307958477509,0.0392156862745098
45532.6796208428,45504.6091622669,0.206395348837209,0.520348837209302,0.25
24225.0387854583,24210.0018797246,0.182579564489112,0.574539363484087,0.231155778894472
15780.0737033091,15771.050429111,0.250463821892393,0.744897959183674,0.00278293135435993
55166.0852592778,55131.9998790506,0.172794117647059,0.5,0.264705882352941
45275.5087841032,45247.4386089408,0.157068062827225,0.539267015706806,0.267015706806283
37826.7800969842,37803.7219545926,0.137014314928425,0.707566462167689,0.128834355828221
11404.8127669798,11397.7959601752,0.157894736842105,0.65668016194332,0.183805668016194
32120.3291165063,32101.279249236,0.185589519650655,0.567685589519651,0.222707423580786
14905.7084097052,14896.6863093534,0.0115967885816235,0.806422836752899,0.181088314005352
23254.6178668485,23240.5826861194,0.0885885885885886,0.809309309309309,0.0975975975975976
18143.8802747684,18132.8531219343,0.0210526315789474,0.778947368421053,0.194736842105263
54704.5957008216,54670.5111540098,0.156488549618321,0.526717557251908,0.263358778625954
10974.2260788694,10968.2102826112,0.125423728813559,0.873446327683616,0
11840.3279313869,11833.3106122238,0.0188172043010753,0.896057347670251,0.0842293906810036
40621.1005780357,40596.0379414351,0.0926470588235294,0.460294117647059,0.429411764705882
43070.8387827054,43044.7712740475,0.348837209302326,0.549418604651163,0.0872093023255814
16648.4229178889,16638.3981430834,0.0340264650283554,0.82703213610586,0.136105860113422
47621.5716397537,47592.498151445,0.21978021978022,0.659340659340659,0.0989010989010989
46561.0106862368,46531.939011882,0.241935483870968,0.43010752688172,0.293010752688172
36969.375578603,36946.3189144765,0.186915887850467,0.478971962616822,0.264018691588785
24149.1486042206,24134.1118147384,0.230529595015576,0.570093457943925,0.186915887850467
10740.5753300387,10734.559815358,0.0639008106819266,0.934668574153553,0.000476871721506915
13156.5644710413,13148.5449816303,0.0518053375196232,0.7425431711146,0.205651491365777
29030.0694564182,29012.0249970821,0.130268199233716,0.563218390804598,0.295019157088123
39267.1052681531,39243.0447977589,0.16888045540797,0.578747628083491,0.222011385199241
36223.4628340377,36201.406888061,0.218604651162791,0.634883720930233,0.113953488372093
18228.8510819144,18217.8238016297,0.0269989615784008,0.806853582554517,0.160955347871236
23495.033092378,23480.997569034,0.134285714285714,0.805714285714286,0.0585714285714286
14831.5813492726,14822.5593484373,0.00890471950133571,0.752448797862867,0.237756010685663
35122.3059390541,35101.2517424604,0.345486111111111,0.439236111111111,0.0486111111111111
8539.49062437827,8534.47837086131,0.00298284862043251,0.853094705443699,0.143922445935869
31946.0736645781,31927.0241689283,0.180654338549075,0.732574679943101,0.0725462304409673
8872.50441445595,8867.49179179994,0.0243710691823899,0.968553459119497,0.00707547169811321
17306.137516751,17296.1117914063,0.213883677298311,0.777673545966229,0.00656660412757974
45579.9887245192,45551.9182138067,0.198224852071006,0.529585798816568,0.251479289940828
34455.2565381923,34434.203557427,0.194192377495463,0.515426497277677,0.270417422867514
13748.0971065184,13740.0768822945,0.0449346405228758,0.936274509803922,0.017156862745098
41464.9716010587,41439.9074327497,0.276243093922652,0.558011049723757,0.116022099447514
27193.1414142925,27177.1001487367,0.262969588550984,0.606440071556351,0.119856887298748
38498.3912951236,38475.3319947963,0.166347992351816,0.529636711281071,0.246653919694073
20022.856848901,20010.8268252774,0.0568720379146919,0.830568720379147,0.110189573459716
31724.6876691616,31705.6386456438,0.0951672862453532,0.858736059479554,0.0438661710037175
32997.4921498101,32977.4416239312,0.182819383259912,0.638766519823789,0.174008810572687
54460.8314085017,54427.747094638,0.252788104089219,0.494423791821561,0.171003717472119
19598.1801028477,19586.1506431217,0.0133495145631068,0.683252427184466,0.300970873786408
22875.5434405328,22861.5088000214,0.0235640648011782,0.718703976435935,0.254786450662739
26986.2847278053,26970.2437572626,0.248677248677249,0.714285714285714,0.0299823633156966
52963.7936605666,52930.7117196263,0.209003215434084,0.42443729903537,0.289389067524116
49763.1976137244,49732.1209810055,0.191419141914191,0.452145214521452,0.283828382838284
32230.6161353305,32210.5667373229,0.157079646017699,0.544247787610619,0.276548672566372
19908.9281217294,19896.8982493835,0.0386473429951691,0.816425120772947,0.143719806763285
51716.8845838599,51684.8043082771,0.330210772833724,0.372365339578454,0.259953161592506
37154.2375567764,37131.1805739264,0.105747126436782,0.482758620689655,0.363218390804598
52070.2875591048,52038.2069033928,0.180272108843537,0.510204081632653,0.27891156462585
34481.3942249919,34460.3411965855,0.207339449541284,0.515596330275229,0.255045871559633
49954.2485015651,49923.1715407476,0.100671140939597,0.469798657718121,0.395973154362416
28367.1852829755,28350.1421142589,0.18,0.743636363636364,0.0709090909090909
31981.0125949317,31961.9630247705,0.204355108877722,0.683417085427136,0.0954773869346734
48707.7534645773,48677.6784913327,0.146341463414634,0.51219512195122,0.306620209059233
42032.2278491713,42006.1622795442,0.105820105820106,0.529100529100529,0.335978835978836
35272.3401143399,35251.2856442795,0.305882352941176,0.431932773109244,0.122689075630252
46315.6428246165,46287.5715031812,0.32258064516129,0.497311827956989,0.145161290322581
32287.8222486966,32267.772766554,0.126984126984127,0.537414965986395,0.317460317460317
48180.815400245,48150.7412671356,0.168316831683168,0.485148514851485,0.283828382838284
25860.6497093922,25844.6103441984,0.168141592920354,0.530973451327434,0.286725663716814
54644.9570137939,54610.8725746851,0.181132075471698,0.532075471698113,0.218867924528302
36230.7851303626,36208.7291793928,0.219114219114219,0.629370629370629,0.118881118881119
44852.9203563552,44825.8510889269,0.286089238845144,0.454068241469816,0.202099737532808
50546.5654666755,50515.4874886504,0.178571428571429,0.582142857142857,0.192857142857143
12670.424247228,12663.4059515044,0.239554317548747,0.758588672237697,0
28665.0311995329,28647.9875896879,0.274661508704062,0.663442940038685,0.04642166344294
50559.3103191207,50528.2323192084,0.188612099644128,0.572953736654804,0.188612099644128
36576.662197767,36554.6060109427,0.304651162790698,0.544186046511628,0.0697674418604651
53703.2151640849,53670.1320511029,0.170212765957447,0.535460992907801,0.230496453900709
26509.9371673381,26493.8968761489,0.103389830508475,0.793220338983051,0.0966101694915254
46815.2251078087,46786.1529986526,0.101307189542484,0.473856209150327,0.398692810457516
53650.1598164196,53617.0767875346,0.160714285714286,0.542857142857143,0.235714285714286
16210.4641778625,16200.4400360016,0.180831826401447,0.577757685352622,0.23869801084991
12068.1448373176,12061.127250141,0.031390134529148,0.949775784753363,0.0188340807174888
25718.2949256075,25703.2557324481,0.305882352941176,0.482352941176471,0.188235294117647
13864.7049614954,13856.684592419,0.0663308144416457,0.926112510495382,0.00755667506297229
41290.0268279917,41264.9629772246,0.224489795918367,0.602040816326531,0.125
34719.6040565034,34698.5505939129,0.299270072992701,0.518248175182482,0.111313868613139
12236.0615433445,12229.0437586236,0.0671441360787825,0.925693822739481,0.0062667860340197
28136.0348770687,28118.9920507004,0.140569395017794,0.717081850533808,0.135231316725979
13000.6232498004,12992.6039541026,0.152260111022998,0.678033306899286,0.168913560666138
37221.0240167091,37197.9669187114,0.0909090909090909,0.515909090909091,0.361363636363636
35680.176277294,35658.120701786,0.328,0.4192,0.24
20824.8842586546,20812.8531700765,0.0932531155994843,0.405242801890847,0.499785131070047
48070.9809548231,48041.9066978572,0.231270358306189,0.482084690553746,0.218241042345277
21171.6308988364,21158.5993115692,0.0100176782557454,0.199469652327637,0.789334119033589
40142.1226600305,40117.0608928217,0.191208791208791,0.404395604395604,0.371428571428571
43519.0582556803,43491.99126155,0.134680134680135,0.481481481481481,0.333333333333333
45159.096141457,45131.0260945863,0.113695090439276,0.537467700258398,0.291989664082687
48913.7162633565,48883.6409617307,0.154798761609907,0.582043343653251,0.232198142414861
44506.6696737006,44479.6009963865,0.352409638554217,0.524096385542169,0.0993975903614458
35983.3439429149,35961.288160676,0.183222958057395,0.58719646799117,0.211920529801325
47696.5011512627,47667.4275347966,0.240896358543417,0.638655462184874,0.0896358543417367
43859.1453865648,43832.0778128248,0.140804597701149,0.543103448275862,0.298850574712644
19528.2610617538,19516.2316948683,0.0662576687116564,0.650306748466258,0.280981595092025
23948.0248765003,23933.9887075993,0.297101449275362,0.634782608695652,0.0536231884057971
40502.687365269,40477.6249436,0.0713201820940819,0.389984825493171,0.517450682852807
27159.7034515517,27143.6622336842,0.278571428571429,0.626785714285714,0.0839285714285714
43358.3336996812,43331.2669794734,0.223684210526316,0.483552631578947,0.240131578947368
38780.7660827497,38756.7063842919,0.241042345276873,0.333876221498371,0.399022801302932
26074.4731719299,26058.4335017872,0.0729166666666667,0.630208333333333,0.288194444444444
11679.315037866,11672.2979081253,0.010126582278481,0.814345991561181,0.174683544303797
16964.9663876588,16954.9411553798,0.0747126436781609,0.884099616858238,0.039272030651341
22085.5807635148,22072.547464823,0.228404099560761,0.742313323572474,0.0248901903367496
35338.1934362168,35316.1380939079,0.281833616298812,0.431239388794567,0.161290322580645
39517.3212277018,39493.2603601551,0.204899777282851,0.652561247216036,0.11804008908686
33764.321614742,33743.2698933411,0.230769230769231,0.465696465696466,0.27027027027027
10210.9555634074,10204.9406869826,0.0121654501216545,0.924574209245742,0.0632603406326034
47294.3980746845,47265.3251459643,0.153623188405797,0.623188405797101,0.205797101449275
12855.2742131536,12848.2556999646,0.219966159052453,0.664128595600677,0.114213197969543
56439.7577868942,56404.6701095709,0.0830188679245283,0.528301886792453,0.320754716981132
13187.7237791421,13179.7042510245,0.027537372147915,0.760818253343824,0.211644374508261
13195.4636345634,13187.4440968312,0.0188235294117647,0.767058823529412,0.214117647058824
32633.0000082505,32612.9500184429,0.107216494845361,0.587628865979381,0.301030927835052
16381.8303839196,16371.8059943977,0.0406654343807763,0.657116451016636,0.299445471349353
9395.11924416583,9390.10604220186,0.163771712158809,0.835401157981803,0
18885.5934402318,18874.565174877,0.214043035107588,0.77123442808607,0.0101925254813137
39912.6216959075,39888.5602009246,0.34375,0.53125,0.09375
30402.9245024596,30384.8776989283,0.291242362525458,0.54989816700611,0.136456211812627
16984.6123658028,16974.5871051312,0.0797720797720798,0.883190883190883,0.0360873694207028
51315.7684470005,51284.6891479951,0.276243093922652,0.430939226519337,0.240331491712707
43524.936293944,43497.8692897958,0.134680134680135,0.481481481481481,0.333333333333333
29043.9753959609,29025.93091288,0.126195028680688,0.565965583173996,0.296367112810707
12619.2090470343,12612.1908115624,0.201851851851852,0.796296296296296,0
38450.4340598058,38427.3748421623,0.184534270650264,0.57469244288225,0.184534270650264
41848.7629425715,41822.6977154635,0.150568181818182,0.505681818181818,0.306818181818182
34613.8628329403,34592.8095630839,0.263940520446097,0.520446096654275,0.163568773234201
11746.7461531481,11739.7289440786,0.0128424657534247,0.860445205479452,0.125856164383562
49217.7678095354,49187.6920231384,0.219047619047619,0.584126984126984,0.133333333333333
11218.6313915937,11212.6153007976,0.234248788368336,0.663974151857835,0.10016155088853
34770.4723730087,34749.4188177007,0.313186813186813,0.501831501831502,0.100732600732601
28301.6234437431,28284.5803721277,0.16304347826087,0.740942028985507,0.0869565217391304
11653.703931279,11646.6868316683,0.00997506234413965,0.795511221945137,0.193682460515378
34556.9643774918,34535.911211344,0.25,0.525735294117647,0.1875
52086.5824544492,52054.50178121,0.175862068965517,0.520689655172414,0.272413793103448
49186.7828034229,49156.7070664275,0.21671826625387,0.588235294117647,0.142414860681115
37475.4415268317,37452.3839901887,0.102908277404922,0.646532438478747,0.221476510067114
16181.1241369787,16171.1000375205,0.201269265639166,0.57116953762466,0.224841341795104
19519.0573141408,19507.0279594763,0.0759803921568627,0.644607843137255,0.276960784313726
13132.8435680866,13124.8241081422,0.0769828926905132,0.723950233281493,0.199066874027994
54252.6258442273,54219.5418603859,0.290697674418605,0.515503875968992,0.12015503875969
43997.3161533423,43970.2483441182,0.167597765363128,0.558659217877095,0.243016759776536
34879.4202089389,34858.3664550521,0.346483704974271,0.480274442538593,0.0737564322469983
33779.0170865775,33757.9653383912,0.218947368421053,0.461052631578947,0.288421052631579
22067.5176448338,22054.4843799662,0.223357664233577,0.743065693430657,0.0277372262773723
30867.0587246013,30848.0115300792,0.0335570469798658,0.628635346756152,0.333333333333333
8829.21757134894,8824.20499667552,0.01875,0.971875,0.009375
36635.6405676488,36613.5843406069,0.320665083135392,0.536817102137767,0.0593824228028504
36059.2208252461,36037.1649912665,0.201814058956916,0.594104308390023,0.18140589569161
23771.2459640488,23757.2100470748,0.242937853107345,0.720338983050847,0.0268361581920904
21670.7922982056,21657.7597762294,0.0663329161451815,0.848560700876095,0.0838548185231539
20826.0835195629,20814.0524293924,0.0879934210526316,0.384868421052632,0.525493421052632
35146.5324009426,35125.4781601915,0.32597623089983,0.441426146010187,0.066213921901528
35158.6377964778,35137.5835336622,0.320338983050847,0.444067796610169,0.0711864406779661
22520.9780796278,22507.943965629,0.22700296735905,0.609792284866469,0.15727002967359
9377.80169680208,9372.78851403426,0.14703425229741,0.852130325814536,0
56273.0825696079,56237.9952101459,0.151394422310757,0.462151394422311,0.318725099601594
43517.8588722973,43490.7918802111,0.134680134680135,0.481481481481481,0.333333333333333
30476.840436948,30458.7935072028,0.24375,0.525,0.208333333333333
21330.0434011363,21317.0115172324,0.00938086303939963,0.315196998123827,0.674484052532833
18827.2158186573,18816.187640865,0.223194748358862,0.75601750547046,0.0175054704595186
22965.1518410993,22951.1170728873,0.042962962962963,0.734814814814815,0.217777777777778
40922.948954534,40897.8857700491,0.138709677419355,0.687096774193548,0.164516129032258
17182.981078547,17172.9555311899,0.143646408839779,0.841620626151013,0.0147329650092081
15864.0778295824,15855.0544426077,0.294225481209899,0.701191567369386,0.00274977085242896
11601.0039317785,11593.9868941663,0.0211382113821138,0.747154471544715,0.230894308943089
22231.5227611184,22218.4891891416,0.284692417739628,0.693848354792561,0.0128755364806867
29298.1198230318,29280.0749059909,0.0590277777777778,0.649305555555556,0.286458333333333
32404.0125438103,32383.9628907826,0.0731182795698925,0.546236559139785,0.372043010752688
16395.2686664427,16385.2442574995,0.023963133640553,0.668202764976959,0.305069124423963
55650.5562375321,55616.4699823868,0.235109717868339,0.542319749216301,0.153605015673981
29028.2270357111,29010.182579521,0.130268199233716,0.563218390804598,0.295019157088123
48615.756859991,48585.6820334232,0.136531365313653,0.494464944649447,0.33210332103321
45678.5534645529,45650.4828452177,0.187878787878788,0.551515151515152,0.248484848484848
9885.25705021817,9879.24256629948,0.102495543672014,0.704991087344028,0.191622103386809
10832.6859092179,10826.6702835328,0.0821446138711264,0.916871618298082,0
39000.3994834688,38976.3394364004,0.271623672230652,0.380880121396055,0.321699544764795
51418.0018005443,51385.9218464474,0.353510895883777,0.37772397094431,0.227602905569007
33651.4949510928,33631.4434633492,0.251533742331288,0.513292433537832,0.206543967280164
27974.1724642247,27957.1298775847,0.123161764705882,0.693014705882353,0.176470588235294
15907.9387510961,15898.9153052376,0.331180811808118,0.656826568265683,0.0101476014760148
43899.169842408,43872.1022004544,0.146892655367232,0.548022598870056,0.285310734463277
21847.6362969286,21834.6034438017,0.129526462395543,0.814763231197772,0.052924791086351
49363.898289767,49333.8222703837,0.285211267605634,0.514084507042254,0.116197183098592
28931.5154534891,28914.4714489642,0.16798418972332,0.58300395256917,0.233201581027668
42977.7514548019,42951.684119933,0.375302663438257,0.525423728813559,0.0895883777239709
12976.7281710049,12968.70890499,0.157474020783373,0.677857713828937,0.163868904876099
27659.7841767333,27642.7420557221,0.0673758865248227,0.602836879432624,0.320921985815603
28246.9490994755,28229.9061088362,0.152329749103943,0.738351254480287,0.102150537634409
31825.288441558,31806.239203497,0.122077922077922,0.844155844155844,0.0268398268398268
9637.79248307095,9632.7790121086,0.213857998289136,0.680923866552609,0.103507271171942
47967.1961348886,47938.1220554333,0.26813880126183,0.536277602523659,0.145110410094637
44066.7830542069,44039.7151265905,0.176308539944904,0.578512396694215,0.21763085399449
22094.594443407,22081.5611278365,0.228404099560761,0.742313323572474,0.0248901903367496
28479.2529263692,28462.2095916734,0.209259259259259,0.718518518518519,0.0666666666666667
27599.486083128,27582.444051422,0.0447227191413238,0.577817531305903,0.368515205724508
20915.7007250194,20903.6695158527,0.0539956803455724,0.286948472693613,0.658130206726319
55769.502745008,55735.4162750543,0.297805642633229,0.520376175548589,0.125391849529781
42684.9466478632,42658.8798596452,0.546153846153846,0.356923076923077,0.0861538461538462
52837.6302387325,52805.5487576472,0.264900662251656,0.407284768211921,0.241721854304636
40368.0955630771,40343.0333857054,0.0688524590163934,0.336065573770492,0.562295081967213
43249.8250027194,43223.7571599038,0.278996865203762,0.482758620689655,0.184952978056426
53902.2411127325,53869.1576842787,0.187739463601533,0.551724137931034,0.21455938697318
32522.502200035,32502.4523727404,0.0977596741344195,0.566191446028513,0.327902240325866
28689.5171446292,28672.473498519,0.281188118811881,0.661386138613861,0.0415841584158416
41831.877844429,41805.8126488446,0.16056338028169,0.492957746478873,0.304225352112676
19346.1646089161,19335.135652735,0.200224971878515,0.605174353205849,0.191226096737908
17535.5926824685,17525.5666255117,0.318650421743205,0.641049671977507,0.0374882849109653
32606.8025392652,32586.7525879872,0.10838445807771,0.582822085889571,0.304703476482618
25681.1656960042,25666.1265597207,0.330592105263158,0.486842105263158,0.15625
16940.8377780633,16930.8125806554,0.0688336520076482,0.88623326959847,0.0430210325047801
38017.9045246887,37994.8460527764,0.136170212765957,0.777304964539007,0.0553191489361702
14727.9804893895,14718.9586276396,0.0726457399103139,0.691479820627803,0.234977578475336
10820.2232967756,10814.2076861094,0.0825242718446602,0.916504854368932,0
45118.5418529162,45090.4718507381,0.124031007751938,0.534883720930233,0.286821705426357
54843.9889776562,54809.9041791106,0.134328358208955,0.526119402985075,0.298507462686567
27410.8346951869,27393.7929428854,0.13953488372093,0.568872987477639,0.282647584973166
20651.2007040522,20639.169846096,0.233333333333333,0.757407407407407,0.00555555555555556
45142.0261111724,45113.9560831137,0.121447028423773,0.532299741602067,0.291989664082687
8819.28707796883,8814.27451430316,0.0172413793103448,0.971786833855799,0.0109717868338558
38378.0390676386,38354.9799748125,0.178306092124814,0.670133729569094,0.106983655274889
19078.9627986302,19067.9342432341,0.293258426966292,0.698876404494382,0.00337078651685393
36473.318029174,36451.2619128203,0.293144208037825,0.565011820330969,0.0803782505910166
35503.7701070323,35481.7146518162,0.339339339339339,0.387387387387387,0.207207207207207
37204.6601661656,37181.6030963811,0.0886363636363636,0.513636363636364,0.365909090909091
32081.2590372748,32062.2092533261,0.206008583690987,0.568669527896996,0.201716738197425
49180.2084972211,49150.1327707076,0.207430340557276,0.594427244582043,0.148606811145511
30174.2444708049,30156.1980577523,0.339928057553957,0.615107913669065,0.0305755395683453
24410.9188074112,24395.8816169395,0.0364583333333333,0.640625,0.315972222222222
50189.5866501232,50158.5092851509,0.0926517571884984,0.562300319488818,0.293929712460064
37777.6493705884,37754.5913129039,0.131914893617021,0.691489361702128,0.148936170212766
11741.159783671,11734.1425811735,0.0127334465195246,0.854838709677419,0.131578947368421
26351.7991660727,26335.7591004154,0.0862676056338028,0.765845070422535,0.140845070422535
25693.3122393608,25678.2730844708,0.324546952224053,0.479406919275124,0.169686985172982
24145.1200905737,24130.0833072625,0.230529595015576,0.570093457943925,0.186915887850467
12272.7539500352,12265.7361221478,0.0729072907290729,0.920792079207921,0.0054005400540054
28201.8369896309,28184.7940658055,0.146643109540636,0.720848056537102,0.125441696113074
34684.2671298054,34663.2137316234,0.285714285714286,0.525641025641026,0.122710622710623
38956.3626896779,38932.3027125064,0.276729559748428,0.364779874213836,0.334905660377358
19778.5456679865,19766.5159687661,0.0230769230769231,0.771794871794872,0.202564102564103
25744.0249940778,25728.9857615041,0.288164665523156,0.48885077186964,0.200686106346484
30833.0551756748,30814.0080536693,0.0267857142857143,0.602678571428571,0.361607142857143
48581.2068509052,48551.132079423,0.130597014925373,0.5,0.335820895522388
47112.6141431284,47083.5415253264,0.121794871794872,0.573717948717949,0.278846153846154
42076.0421877488,42049.9765363226,0.119047619047619,0.547619047619048,0.306878306878307
41495.6952683783,41470.6310443028,0.279132791327913,0.544715447154472,0.130081300813008
36954.2577739558,36931.2011358942,0.197183098591549,0.476525821596244,0.251173708920188
44394.3741941903,44367.3057082611,0.29903536977492,0.527331189710611,0.135048231511254
17135.0056643231,17124.9801863008,0.126383763837638,0.857011070110701,0.0166051660516605
41329.0741197039,41304.0101980621,0.237467018469657,0.577836411609499,0.137203166226913
34481.6618029319,34460.6087740378,0.207339449541284,0.515596330275229,0.255045871559633
55727.6132053151,55693.5268110107,0.27639751552795,0.531055900621118,0.130434782608696
23824.3679469284,23810.3319542505,0.265162200282087,0.702397743300423,0.0225669957686883
46737.2589752723,46708.1869994673,0.131578947368421,0.447368421052632,0.388888888888889
52416.6247177417,52384.5436895007,0.203571428571429,0.546428571428571,0.214285714285714
53976.3794727752,53943.2959268062,0.216216216216216,0.536679536679537,0.189189189189189
11428.2622104402,11421.2453760487,0.147791164658635,0.661044176706827,0.190361445783133
20826.9491501867,20814.9180588668,0.0879934210526316,0.384868421052632,0.525493421052632
54612.3231690427,54578.2387888681,0.185185185185185,0.52962962962963,0.214814814814815
14720.8578475751,14711.8359953875,0.0838481906443072,0.684907325684025,0.23036187113857
43404.6609977251,43377.5941985618,0.204013377926421,0.488294314381271,0.254180602006689
33787.2794132016,33766.2276499556,0.211864406779661,0.459745762711864,0.298728813559322
23419.8937009421,23405.858284679,0.123493975903614,0.814759036144578,0.0602409638554217
15006.7087997168,14997.6865637707,0.0151921358355675,0.851653261840929,0.131367292225201
30384.8437214955,30366.7969488377,0.296747967479675,0.556910569105691,0.121951219512195
43641.2135660918,43614.1463637725,0.0967741935483871,0.512903225806452,0.351612903225806
30769.0027893747,30749.9558039685,0.0386266094420601,0.57725321888412,0.373390557939914
47088.711752641,47059.639175721,0.120915032679739,0.571895424836601,0.284313725490196
43116.7923198144,43090.7247253637,0.348082595870207,0.52212389380531,0.109144542772861
25453.6169697311,25438.5781820153,0.359253499222395,0.594090202177294,0.0202177293934681
41071.054649909,41045.9911965978,0.173913043478261,0.689981096408318,0.117202268431002
33244.9364890367,33224.8855992328,0.214750542299349,0.689804772234273,0.0867678958785249
35238.2927916011,35217.2383835986,0.305882352941176,0.436974789915966,0.104201680672269
56399.3103321306,56364.2227319434,0.08203125,0.51953125,0.3359375
11473.6124403397,11466.5955525963,0.118932038834951,0.677993527508091,0.202265372168285
23296.6319338363,23282.5966932331,0.0987841945288754,0.81306990881459,0.0835866261398176
35166.0860548123,35145.0317784208,0.317114093959732,0.444630872483221,0.0771812080536913
54843.3473682835,54809.2625708966,0.134328358208955,0.526119402985075,0.298507462686567
36049.3288326391,36027.2730054049,0.194063926940639,0.598173515981735,0.187214611872146
28432.1240653786,28415.0808004836,0.200723327305606,0.725135623869801,0.0687160940325497
26158.2849246454,26142.2451349727,0.0754039497307002,0.682226211849192,0.233393177737882
21655.0613120745,21642.0288195555,0.0615577889447236,0.850502512562814,0.0866834170854271
39596.2641426844,39572.2031498364,0.252403846153846,0.610576923076923,0.108173076923077
42996.498633919,42970.4312640501,0.359493670886076,0.529113924050633,0.10126582278481
35018.8854113385,34997.831403249,0.333913043478261,0.460869565217391,0.0469565217391304
11011.8855724171,11005.8697307747,0.143449911084766,0.854771784232365,0
39419.367957636,39395.3072455645,0.177083333333333,0.641666666666667,0.15625
13824.3703288772,13816.3500099053,0.0577889447236181,0.933835845896147,0.00837520938023451
46953.8155892222,46924.7432430248,0.110032362459547,0.530744336569579,0.326860841423948
25517.2070692721,25502.1681841466,0.382636655948553,0.54983922829582,0.0434083601286174
40712.5184491026,40687.4556465697,0.114942528735632,0.577586206896552,0.291666666666667
14432.2971961677,14424.2761220176,0.263025210084034,0.636134453781513,0.0983193277310924
20952.9082765383,20939.877098842,0.0475487300649734,0.272888363851152,0.67867690490254
25321.1969509501,25306.1583660802,0.268104776579353,0.685670261941448,0.0277349768875193
53364.8852119859,53331.8026352837,0.115646258503401,0.517006802721088,0.302721088435374
41713.1393557065,41688.0747369488,0.193820224719101,0.514044943820225,0.247191011235955
12932.2762332238,12925.2576294464,0.183237469186524,0.66392769104355,0.151191454396056
38477.8910015214,38454.831736539,0.182835820895522,0.541044776119403,0.218283582089552
26047.117197358,26031.0775662296,0.0692717584369449,0.614564831261101,0.307282415630551
25253.8154364531,25238.7769548008,0.209876543209877,0.728395061728395,0.0447530864197531
14214.4313985928,14206.4105950797,0.235544217687075,0.761904761904762,0.00170068027210884
30333.4562343155,30315.4095494036,0.333333333333333,0.567460317460317,0.0753968253968254
16627.5660013268,16617.541256664,0.0328947368421053,0.821428571428571,0.142857142857143
29090.7826341764,29072.7380711706,0.0981481481481482,0.575925925925926,0.311111111111111
22877.9086208761,22863.8739769941,0.0235640648011782,0.718703976435935,0.254786450662739
42749.5612841643,42723.4943753142,0.521885521885522,0.382154882154882,0.0909090909090909
19483.4994198274,19471.4701123776,0.113365155131265,0.626491646778043,0.256563245823389
49446.6853267235,49416.6091753468,0.311418685121107,0.467128027681661,0.110726643598616
18357.9029401437,18346.8754662897,0.0774793388429752,0.821280991735537,0.0981404958677686
32373.2559389662,32353.2063311733,0.0851528384279476,0.54585152838428,0.360262008733624
54168.2042173911,54135.1203673647,0.28030303030303,0.515151515151515,0.147727272727273
20953.2478318607,20940.2166535286,0.0475487300649734,0.272888363851152,0.67867690490254
40196.1717108823,40171.1098455692,0.131372549019608,0.380392156862745,0.456862745098039
34673.1445049767,34652.0911270678,0.29097605893186,0.521178637200737,0.12707182320442
21634.1007978823,21621.0683446131,0.0590361445783133,0.840963855421687,0.0963855421686747
21354.2417851519,21341.2098559351,0.0108977685521536,0.3523611831863,0.635703165542294
20654.880693251,20642.8498304084,0.233333333333333,0.757407407407407,0.00555555555555556
34261.3037729774,34240.251145729,0.141831238779174,0.48294434470377,0.364452423698384
27621.4611380573,27604.4190738049,0.0504504504504504,0.587387387387387,0.354954954954955
44888.6935650958,44861.6242366993,0.253886010362694,0.466321243523316,0.22279792746114
21634.3408103554,21621.3083566368,0.0590361445783133,0.840963855421687,0.0963855421686747
10094.8883094205,10088.8735728708,0.00881834215167548,0.862433862433862,0.128747795414462
13497.1060911371,13489.0861786989,0.0229591836734694,0.900510204081633,0.0739795918367347
11388.3522261535,11381.3354387138,0.160743134087237,0.65670436187399,0.180936995153473
39675.5319481643,39651.4708294994,0.280575539568345,0.587529976019185,0.100719424460432
12472.0161367817,12464.9980744738,0.128794848206072,0.869365225390984,0
22037.548437365,22024.5152286165,0.207906295754026,0.758418740849195,0.0278184480234261
39123.7504706626,39099.6902278067,0.275297619047619,0.43452380952381,0.270833333333333
32399.6792847848,32379.6296381302,0.0731182795698925,0.546236559139785,0.372043010752688
21840.4453640361,21827.4125243747,0.130737134909597,0.812239221140473,0.0542420027816412
38381.3943521153,38358.3352535043,0.178306092124814,0.670133729569094,0.106983655274889
10879.9450609286,10873.9293782905,0.0932246561385634,0.906265919510953,0
33111.764640391,33091.7139464476,0.2,0.658333333333333,0.135416666666667
43497.9509229425,43470.8839647854,0.13265306122449,0.479591836734694,0.336734693877551
49491.3015876346,49461.225365123,0.325259515570934,0.439446366782007,0.124567474048443
21396.364158608,21383.3321505146,0.0149051490514905,0.474932249322493,0.508807588075881
21941.9339970818,21928.900967377,0.160688665710187,0.794835007173601,0.0387374461979914
20503.2378778461,20491.2072163591,0.24311377245509,0.736526946107784,0.0155688622754491
46713.2305564785,46684.1586217711,0.145772594752187,0.443148688046647,0.379008746355685
27630.6697649555,27613.6276870645,0.0589285714285714,0.5875,0.346428571428571
36705.484533577,36683.4282589083,0.326139088729017,0.513189448441247,0.0599520383693046
31498.1825925755,31479.1340521067,0.0728624535315985,0.834200743494424,0.0921933085501859
17724.710706216,17714.684375943,0.244917715392062,0.593417231364956,0.158760890609874
30132.1389782709,30114.0926371148,0.345486111111111,0.609375,0.03125
48114.2670053339,48084.1929783273,0.203125,0.48125,0.25
12768.3125202662,12761.2941093827,0.242608695652174,0.700869565217391,0.0547826086956522
43006.9636222623,42980.8962328559,0.343007915567282,0.54353562005277,0.102902374670185
28405.9928008242,28388.9495746313,0.177655677655678,0.747252747252747,0.0695970695970696
33892.1746315991,33871.122677161,0.131868131868132,0.468131868131868,0.371428571428571
11892.7139695294,11885.6965887372,0.0187667560321716,0.910634495084897,0.0697050938337802
17711.4721105416,17701.4457994012,0.249757986447241,0.592449177153921,0.154888673765731
46803.3794412871,46774.3073523915,0.1,0.46875,0.40625
40123.4260199007,40099.364190321,0.196868008948546,0.41834451901566,0.351230425055928
26181.8190416803,26165.7792184439,0.0788091068301226,0.68476357267951,0.229422066549912
31439.727594688,31420.6791788814,0.0734024179620035,0.81433506044905,0.109671848013817
23082.7788932734,23068.7439574314,0.056547619047619,0.776785714285714,0.162202380952381
41515.5923900899,41490.5281298992,0.274725274725275,0.538461538461538,0.14010989010989
49908.6818417497,49877.6049591855,0.135593220338983,0.461016949152542,0.366101694915254
30179.0519337778,30161.0055125163,0.33879781420765,0.610200364298725,0.0327868852459016
24568.4122014995,24553.3747697735,0.0533333333333333,0.749333333333333,0.193333333333333
52887.2473642435,52855.1658297888,0.234113712374582,0.418060200668896,0.264214046822742
33931.8002954698,33910.7482688062,0.121085594989562,0.455114822546973,0.396659707724426
17934.3754296366,17923.3485910459,0.0943952802359882,0.642084562438545,0.258603736479843
13247.3937193877,13239.3741171469,0.00968523002421308,0.80225988700565,0.187247780468119
13965.8462822202,13957.8257875042,0.0938809723386421,0.902766135792121,0.00335289186923722
48672.2598636977,48642.1849470431,0.146341463414634,0.505226480836237,0.313588850174216
31545.7241745148,31526.6755326579,0.0731182795698925,0.851612903225806,0.0752688172043011
50314.9987930604,50283.9212127132,0.108552631578947,0.572368421052632,0.269736842105263
21948.4386470539,21935.4056051687,0.165945165945166,0.790764790764791,0.0375180375180375
35303.7045738261,35282.6500465978,0.306020066889632,0.429765886287625,0.130434782608696
40060.5514567187,40036.4897269359,0.262295081967213,0.463700234192037,0.241217798594848
54354.9240352739,54321.8398892817,0.284644194756554,0.50187265917603,0.142322097378277
30329.8534422141,30311.806763454,0.333333333333333,0.567460317460317,0.0753968253968254
10652.404159017,10646.3887505932,0.0521140609636185,0.944444444444444,0.00245821042281219
56555.812646053,56520.724747405,0.101123595505618,0.550561797752809,0.284644194756554
35647.3003270088,35625.244773919,0.320695102685624,0.417061611374408,0.248025276461295
23881.8801933957,23867.8441187573,0.291607396870555,0.677098150782361,0.0199146514935989
22153.5119696988,22140.4785438018,0.248901903367496,0.726207906295754,0.0190336749633968
51154.7207249404,51123.6417025081,0.25,0.525974025974026,0.172077922077922
18281.9420842696,18270.9147243519,0.0306553911205074,0.831923890063425,0.134249471458774
35212.7983675824,35191.7440060485,0.310810810810811,0.442567567567568,0.0929054054054054
26505.2446461878,26489.2043616909,0.103389830508475,0.793220338983051,0.0966101694915254
44100.4425218836,44073.3745369015,0.183561643835616,0.580821917808219,0.208219178082192
29549.3948337243,29531.349487623,0.0961182994454713,0.739371534195933,0.158964879852126
36937.0838137694,36914.0272053177,0.197149643705463,0.482185273159145,0.244655581947743
20873.6190803677,20861.5879270782,0.0683820937610152,0.328516038068382,0.601691928093056
17106.7806702918,17096.7552330607,0.119180633147114,0.860335195530726,0.0204841713221601
10498.1989601792,10492.1837375913,0.0399515738498789,0.953389830508475,0.00605326876513317
13643.8832593093,13635.8631645418,0.0319327731092437,0.929411764705882,0.0361344537815126
29898.7111583778,29880.6652158074,0.295527156549521,0.643769968051118,0.0527156549520767
29278.8042295795,29260.7593455206,0.0532646048109966,0.644329896907217,0.297250859106529
39498.6978451496,39474.6370071627,0.205752212389381,0.648230088495575,0.121681415929204
53816.947085181,53783.8637919249,0.196969696969697,0.526515151515151,0.227272727272727
18938.5538148643,18927.5254700724,0.218604651162791,0.769767441860465,0.00697674418604651
20758.257703447,20746.2267033375,0.146413752222881,0.561944279786603,0.289270895080024
49397.2707687415,49367.19469615,0.290780141843972,0.49290780141844,0.117021276595745
46250.3976152686,46222.3263657364,0.339130434782609,0.542028985507246,0.0898550724637681
31856.2244556674,31837.1751516317,0.143133462282398,0.823984526112186,0.02321083172147
39298.2533461375,39274.1928263038,0.16952380952381,0.592380952380952,0.20952380952381
20728.6037793876,20716.5728186534,0.178643384822028,0.658159838817999,0.159838817998657
22005.2876038023,21992.2544554641,0.198838896952104,0.763425253991292,0.0319303338171263
42533.0114420816,42506.9449375184,0.556368960468521,0.335285505124451,0.0937042459736457
23129.6698138879,23115.6348112219,0.0669577874818049,0.799126637554585,0.129548762736536
12200.8665771049,12193.8488337888,0.0552092609082814,0.933214603739982,0.0106856634016028
22530.7761955976,22517.7420632513,0.225331369661267,0.605301914580265,0.163475699558174
20467.4188803341,20455.3882664086,0.225806451612903,0.752688172043011,0.016726403823178
37066.0033996208,37042.9465688967,0.138009049773756,0.484162895927602,0.321266968325792
12028.3254542359,12021.3079139046,0.0277529095792301,0.941808415398389,0.0295434198746643
28762.3652541085,28745.3215001057,0.263581488933602,0.625754527162978,0.0925553319919517
50092.6293402076,50061.5521417436,0.0924092409240924,0.521452145214521,0.346534653465347
9584.94257095959,9579.9291585803,0.217937971500419,0.713327745180218,0.0670578373847443
39526.0430453783,39501.982163988,0.201342281879195,0.655480984340045,0.118568232662192
52950.4324242802,52917.3505045185,0.212218649517685,0.427652733118971,0.286173633440514
19134.6922502645,19123.6636112779,0.294505494505495,0.671428571428571,0.0285714285714286
31641.2404503139,31622.1916047572,0.0859598853868195,0.860315186246418,0.0530085959885387
49675.2560676468,49645.1795518434,0.227722772277228,0.445544554455446,0.244224422442244
42729.6336726689,42703.5668010226,0.527960526315789,0.373355263157895,0.0921052631578947
14983.9013344731,14974.8791291463,0.0115452930728242,0.841918294849023,0.145648312611012
12568.3182366532,12561.3000610514,0.176908752327747,0.820297951582868,0
38195.5296743189,38172.4708961602,0.154277699859748,0.775596072931276,0.0308555399719495
53314.9961465323,53281.9136489083,0.105442176870748,0.517006802721088,0.32312925170068
19084.0673343007,19073.0387712481,0.293258426966292,0.698876404494382,0.00337078651685393
11721.1280050789,11714.1108261477,0.011844331641286,0.844331641285956,0.142978003384095
23192.4878519314,23178.4527597436,0.0766961651917404,0.809734513274336,0.109144542772861
34712.2739449498,34691.2204957198,0.294871794871795,0.523809523809524,0.10989010989011
52049.3645972316,52017.2839640249,0.166666666666667,0.520408163265306,0.282312925170068
38166.9380676071,38143.8793387437,0.143057503506311,0.785413744740533,0.0336605890603086
25615.393704403,25600.3546688715,0.341232227488152,0.510268562401264,0.12480252764613
20875.6439535428,20863.6127975646,0.0651877133105802,0.318430034129693,0.615017064846416
24854.358295996,24839.3204262471,0.100456621004566,0.804794520547945,0.091324200913242
26342.2273110466,26326.1872590405,0.0843585237258348,0.757469244288225,0.151142355008787
14550.581581838,14542.5603607528,0.211340206185567,0.624570446735395,0.161512027491409
15993.1651588586,15984.1415985826,0.303832116788321,0.610401459854015,0.0839416058394161
37814.3734196096,37791.3152986086,0.137214137214137,0.702702702702703,0.135135135135135
51975.1533527689,51943.0727993857,0.149659863945578,0.513605442176871,0.302721088435374
14400.3299068436,14392.3088724039,0.272268907563025,0.647058823529412,0.0781512605042017
51693.1633299318,51661.0830798642,0.319540229885057,0.370114942528736,0.268965517241379
33654.9977882624,33634.9462953671,0.251533742331288,0.513292433537832,0.206543967280164
25636.1299443772,25621.0908770812,0.3376,0.5024,0.136
22574.1469349474,22560.1127239551,0.197657393850659,0.609077598828697,0.187408491947291
35518.1305537775,35496.0750887689,0.341984732824427,0.389312977099237,0.219847328244275
9331.10064653453,9326.08751553388,0.130615640599002,0.868552412645591,0
26799.5464507077,26783.5057464859,0.177152317880795,0.769867549668874,0.0480132450331126
45815.8190801144,45787.7483095066,0.191489361702128,0.60790273556231,0.185410334346505
24125.8712743613,24111.834852012,0.235202492211838,0.580996884735203,0.169781931464174
42174.5188362279,42148.4530009511,0.220623501199041,0.520383693045564,0.24220623501199
54814.467196405,54780.3824511736,0.122529644268775,0.525691699604743,0.304347826086957
10589.5300512213,10583.5147185684,0.048962213943587,0.947312400212879,0.00319318786588611
10961.6301891096,10955.614408031,0.122278056951424,0.876605248464545,0
18834.735004301,18823.7068152305,0.223194748358862,0.75601750547046,0.0175054704595186
31278.245330669,31259.1972592425,0.0882352941176471,0.697712418300654,0.209150326797386
34189.5867729446,34168.5342764145,0.132827324478178,0.453510436432638,0.400379506641366
48140.9032758151,48110.8292063404,0.189542483660131,0.490196078431373,0.254901960784314
51137.5609490928,51106.4819561296,0.256493506493506,0.532467532467532,0.159090909090909
43319.4258251585,43293.3578524019,0.2508038585209,0.491961414790997,0.202572347266881
46434.8727162481,46406.8012634163,0.275956284153005,0.467213114754098,0.218579234972678
15540.0213464623,15530.9983945375,0.111842105263158,0.880639097744361,0.0075187969924812
20108.3472904851,20096.3171533449,0.083232810615199,0.825090470446321,0.0892641737032569
46939.4802958408,46910.4079741621,0.108626198083067,0.530351437699681,0.329073482428115
20541.0827279346,20529.0520161961,0.26036866359447,0.722350230414747,0.0138248847926267
42148.2823148993,42122.2165286047,0.161616161616162,0.558080808080808,0.262626262626263
13479.4726647237,13471.4527741901,0.0211685012701101,0.895850973751058,0.0804403048264183
51990.7752054844,51958.6946352979,0.147260273972603,0.517123287671233,0.301369863013699
25020.6221525771,25005.584028139,0.131744040150565,0.800501882057716,0.0602258469259724
42912.7586701299,42886.6914565991,0.521335807050093,0.398886827458256,0.0742115027829314
14045.7785879375,14037.7579939281,0.128184059161873,0.868529170090386,0.00328677074774034
41708.0669296322,41683.0023200814,0.193820224719101,0.514044943820225,0.247191011235955
16056.1127991063,16047.0891543223,0.272727272727273,0.586363636363636,0.137272727272727
27928.7453817607,27911.7028624011,0.115808823529412,0.670955882352941,0.205882352941176
46737.9367139942,46708.86473703,0.131578947368421,0.447368421052632,0.388888888888889
54254.0844086247,54221.0004224713,0.290697674418605,0.515503875968992,0.12015503875969
13106.4242670063,13098.4048398804,0.0881889763779528,0.715748031496063,0.196062992125984
8519.2610594591,8514.24882836621,0.00224887556221889,0.83208395802099,0.165667166416792
35582.2333734986,35560.1778647781,0.320121951219512,0.407012195121951,0.25
42020.7627725084,41994.697224286,0.103174603174603,0.523809523809524,0.343915343915344
47456.2552414413,47427.1820358851,0.177966101694915,0.655367231638418,0.144067796610169
47911.471897679,47882.3979135329,0.293413173652695,0.559880239520958,0.104790419161677
35058.525754897,35037.4716745552,0.34083044982699,0.453287197231834,0.0397923875432526
16202.2434537939,16192.2193238137,0.189530685920578,0.574909747292419,0.232851985559567
39725.6009215152,39701.5397233789,0.304347826086957,0.570048309178744,0.0942028985507246
43649.8188950763,43622.7516780909,0.107255520504732,0.520504731861199,0.340694006309148
12695.6099699398,12688.5916445866,0.260909090909091,0.737272727272727,0
52304.8472791849,52272.7663711745,0.179487179487179,0.567765567765568,0.227106227106227
48751.6600171315,48721.5849738836,0.149501661129568,0.53156146179402,0.295681063122924
18952.9465163091,18941.9181499291,0.221835075493612,0.766550522648084,0.00696864111498258
35852.5504473036,35830.4947542531,0.310463121783877,0.466552315608919,0.205831903945111
28895.9684545457,28878.9245026681,0.198380566801619,0.57085020242915,0.214574898785425
29164.9277691843,29146.8830795732,0.0616197183098592,0.602112676056338,0.329225352112676
48665.2413731324,48635.1664676679,0.146341463414634,0.505226480836237,0.313588850174216
42196.7584529433,42170.6925761464,0.263858093126386,0.498891352549889,0.215077605321508
35203.4532175049,35182.3988730044,0.315878378378378,0.4375,0.0912162162162162
34881.351424155,34860.2976667482,0.346483704974271,0.480274442538593,0.0737564322469983
13165.6492995136,13157.6297988173,0.0467141726049089,0.745843230403801,0.207442596991291
26395.3153649038,26379.275237185,0.0834879406307978,0.779220779220779,0.128014842300557
17765.3974861894,17754.3709010544,0.220372184133203,0.590597453476983,0.186092066601371
16401.2904684135,16391.2660507675,0.023963133640553,0.668202764976959,0.305069124423963
19641.0702476189,19629.0407309422,0.0134803921568627,0.70343137254902,0.281862745098039
17213.3051579717,17203.2795667898,0.154478976234004,0.8327239488117,0.0118829981718464
8465.20947460808,8460.19730343028,0.00226073850791258,0.791258477769405,0.206480783722683
39006.0990125811,38982.0389564661,0.276758409785933,0.382262996941896,0.314984709480122
12991.8922601421,12983.8729752901,0.156175298804781,0.67808764940239,0.164940239043825
10133.6695362325,10127.6547529467,0.00948275862068966,0.883620689655172,0.106896551724138
38506.1636021424,38483.1042884147,0.167630057803468,0.51252408477842,0.262042389210019
23175.2797689827,23161.2447013181,0.0761346998535871,0.805270863836018,0.114202049780381
37423.6047376845,37400.5472904141,0.0982142857142857,0.629464285714286,0.245535714285714
46113.421618936,46085.3505203573,0.269461077844311,0.589820359281437,0.119760479041916
47091.1726944373,47062.1001133082,0.120915032679739,0.571895424836601,0.284313725490196
35555.7174363097,35533.6619456705,0.330792682926829,0.400914634146341,0.234756097560976
31640.8632757339,31621.8144309815,0.0859598853868195,0.860315186246418,0.0530085959885387
43902.2225856035,43875.1549384471,0.146892655367232,0.548022598870056,0.285310734463277
55382.421459736,55348.3356888219,0.195402298850575,0.505747126436782,0.206896551724138
31081.6361939843,31062.5885418502,0.0737527114967462,0.661605206073753,0.255965292841649
51276.0666905123,51244.9874596881,0.240625,0.4875,0.21875
39249.0899902605,39225.0295484608,0.182656826568266,0.566420664206642,0.223247232472325
40988.6835069435,40963.620203144,0.153184165232358,0.678141135972461,0.14974182444062
21049.9615248435,21036.9301654093,0.028539761706844,0.247714048212801,0.72291493488501
36305.2491498126,36283.1931480656,0.243559718969555,0.613583138173302,0.100702576112412
8393.25674797722,8388.24465655756,0.0251665433012583,0.714285714285714,0.260547742413027
37764.1911094924,37741.1330750115,0.12987012987013,0.688311688311688,0.155844155844156
54270.2324969475,54237.1484851982,0.3046875,0.5078125,0.1171875
50043.0948688032,50012.0177554066,0.0885245901639344,0.504918032786885,0.367213114754098
15996.0838330415,15987.0602688471,0.300546448087432,0.610200364298725,0.087431693989071
31682.0011786681,31662.9522461843,0.0895953757225433,0.861271676300578,0.0469653179190751
25886.2789820374,25870.2395802919,0.140819964349376,0.552584670231729,0.299465240641711
39183.7748391308,39159.7145010019,0.261345852895149,0.471048513302034,0.247261345852895
45884.0592866838,45855.9884408723,0.200589970501475,0.595870206489675,0.185840707964602
51068.927164901,51037.8482898051,0.280821917808219,0.561643835616438,0.116438356164384
11434.210368169,11427.1935267799,0.147791164658635,0.661044176706827,0.190361445783133
55063.8983392476,55029.8131435623,0.157509157509158,0.501831501831502,0.296703296703297
28569.1190764367,28552.0756086435,0.231939163498099,0.693916349809886,0.064638783269962
28155.6750822255,28138.6322267688,0.141323792486583,0.719141323792487,0.132379248658318
49715.290677933,49685.2140982996,0.207357859531773,0.444816053511706,0.270903010033445
44942.8427091858,44914.7729006358,0.21038961038961,0.506493506493506,0.223376623376623
40933.2909011626,40908.2276979061,0.140983606557377,0.683606557377049,0.163934426229508
24087.3817578884,24073.3453903904,0.248840803709428,0.596599690880989,0.14064914992272
8543.45692635009,8538.44466843657,0.00298284862043251,0.853094705443699,0.143922445935869
35197.5010052478,35176.4466715964,0.315878378378378,0.4375,0.0912162162162162
20558.5177760919,20546.4870412027,0.257175660160735,0.726750861079219,0.0126291618828932
32995.3229504983,32975.2724278098,0.182819383259912,0.638766519823789,0.174008810572687
21272.0378918103,21259.0061165251,0.00540735400144196,0.231434751261716,0.762436914203316
54484.9648116477,54451.8804595306,0.247148288973384,0.505703422053232,0.174904942965779
24590.5042365205,24575.4667709531,0.0636604774535809,0.751989389920424,0.180371352785146
43786.254475719,43759.1870262068,0.126801152737752,0.544668587896254,0.311239193083574
41625.3919239466,41600.327464459,0.229050279329609,0.516759776536313,0.201117318435754
54846.975790886,54812.8909869465,0.138059701492537,0.522388059701492,0.298507462686567
25121.5330215884,25106.4947425712,0.147368421052632,0.784962406015038,0.0586466165413534
33330.4448311393,33310.3938155753,0.258403361344538,0.651260504201681,0.069327731092437
18490.5248953988,18479.4972226207,0.143149284253579,0.793456032719836,0.0613496932515337
38728.4103480343,38704.3507326776,0.226415094339623,0.339622641509434,0.39622641509434
53286.1225223677,53253.0400705106,0.0976430976430976,0.521885521885522,0.32996632996633
45384.0086840018,45355.9383892678,0.171428571428571,0.558441558441558,0.249350649350649
48061.4622042275,48032.3879635422,0.236065573770492,0.491803278688525,0.20655737704918
51803.151777502,51771.071409128,0.291878172588832,0.403553299492386,0.263959390862944
25407.9536910854,25392.9149733183,0.332819722650231,0.61633281972265,0.024653312788906
43758.6571784515,43731.5897759733,0.130813953488372,0.546511627906977,0.302325581395349
10261.0790759664,10255.0641391367,0.0128205128205128,0.942684766214178,0.0444947209653092
50205.8122348415,50174.7348420044,0.0947712418300654,0.568627450980392,0.284313725490196
15704.860206718,15695.837033495,0.194100856327307,0.799238820171265,0.00475737392959087
12682.6356132733,12675.6173031837,0.247479376718607,0.750687442713107,0
12301.892030271,12294.8741681043,0.0765124555160142,0.919039145907473,0.00355871886120996
33366.499798647,33346.4487300557,0.264299802761341,0.648915187376726,0.0650887573964497
34862.8162122988,34841.762488676,0.335078534031414,0.492146596858639,0.0767888307155323
22202.0205116315,22188.9869948994,0.26917510853835,0.709117221418234,0.0130246020260492
33671.8022551457,33651.7507375355,0.24847250509165,0.5010183299389,0.217922606924644
45500.6898321911,45472.6194088694,0.201754385964912,0.523391812865497,0.257309941520468
37546.7234934168,37523.6658338754,0.111607142857143,0.667410714285714,0.198660714285714
20497.3742643431,20485.343610642,0.24311377245509,0.736526946107784,0.0155688622754491
22566.6987120344,22552.6645116565,0.197657393850659,0.609077598828697,0.187408491947291
17019.9411745358,17009.9158628064,0.0863849765258216,0.88169014084507,0.0309859154929577
15763.6894024872,15754.6661502853,0.239554317548747,0.753946146703807,0.00464252553389044
12044.1708470094,12037.1532880369,0.0280289330922242,0.945750452079566,0.0262206148282098
17970.154140637,17959.1272483806,0.0579420579420579,0.663336663336663,0.274725274725275
36101.2838581892,36079.2279955267,0.204954954954955,0.605855855855856,0.164414414414414
27098.7144829391,27082.6733520523,0.294849023090586,0.66607460035524,0.0301953818827709
52249.4343014751,52217.3534530683,0.167247386759582,0.574912891986063,0.240418118466899
48869.8075513264,48839.7323197074,0.147909967845659,0.581993569131833,0.241157556270096
41848.9458669262,41822.8806394767,0.150568181818182,0.505681818181818,0.306818181818182
38069.53889841,38046.4803374741,0.145205479452055,0.772602739726027,0.0479452054794521
27057.9980944541,27041.9570216359,0.289048473967684,0.676840215439856,0.0251346499102334
46509.3685281046,46481.2969931752,0.247340425531915,0.462765957446808,0.257978723404255
19205.0356288982,19194.0068844012,0.262114537444934,0.636563876651982,0.0969162995594714
34802.2447039754,34781.1910907561,0.316546762589928,0.507194244604317,0.0899280575539568
35393.8448258833,35371.7894456255,0.283870967741935,0.420967741935484,0.183870967741935
52920.9609563582,52887.8790833112,0.220064724919094,0.427184466019417,0.27831715210356
42882.813320401,42856.7461627765,0.533216783216783,0.382867132867133,0.0786713286713287
29792.394130408,29774.3483693774,0.262987012987013,0.659090909090909,0.073051948051948
34651.9034728433,34630.8501336504,0.284936479128857,0.519056261343013,0.141560798548094
35092.4404216105,35071.3862794526,0.348275862068965,0.446551724137931,0.0379310344827586
20158.452229847,20146.422026176,0.0964285714285714,0.830952380952381,0.0702380952380952
28534.9869733815,28517.9435561401,0.213883677298311,0.711069418386492,0.0656660412757974
24609.7221413823,24594.6846463762,0.0750323415265201,0.756791720569211,0.164294954721863
15429.5763230432,15420.5535193922,0.0811808118081181,0.901291512915129,0.0166051660516605
11116.3716585626,11110.3556910018,0.223628691983122,0.763009845288326,0.0119549929676512
44964.5284870405,44936.4586545918,0.186528497409326,0.518134715025907,0.233160621761658
12412.4018665776,12405.3838744025,0.104972375690608,0.893186003683241,0.000920810313075506
12687.5009323268,12680.4826165134,0.252276867030965,0.745901639344262,0
27952.8768076953,27935.8342525955,0.121546961325967,0.683241252302026,0.187845303867403
9660.7813561784,9655.76785973335,0.207547169811321,0.680960548885077,0.109777015437393
17099.8183674357,17089.7929402666,0.117539026629936,0.862258953168044,0.0202020202020202
34321.7954591662,34300.7427216599,0.156934306569343,0.485401459854015,0.341240875912409
49520.7936928664,49490.7174233335,0.318493150684932,0.417808219178082,0.157534246575342
17502.907674607,17492.8816648871,0.331766917293233,0.663533834586466,0.0018796992481203
14300.1388130923,14292.1179031118,0.284297520661157,0.714049586776859,0
17491.0449094703,17481.0189168946,0.318650421743205,0.67572633552015,0.0028116213683224
41489.1077200999,41464.0435079815,0.282967032967033,0.549450549450549,0.120879120879121
26208.6842347148,26192.644373164,0.0774647887323944,0.704225352112676,0.211267605633803
14345.374752032,14337.3537858586,0.284525790349418,0.678868552412646,0.0349417637271215
46347.4983177995,46319.4269612581,0.305405405405405,0.494594594594595,0.159459459459459
44123.4482839841,44096.3802597933,0.182072829131653,0.593837535014006,0.196078431372549
20029.9542348684,20017.9242018207,0.0604265402843602,0.830568720379147,0.106635071090047
24662.2773390037,24647.2397634916,0.0789473684210526,0.775689223057644,0.141604010025063
35366.5236601986,35344.4682985712,0.280388978930308,0.423014586709887,0.178282009724473
52579.7521493769,52547.6709456719,0.243636363636364,0.527272727272727,0.181818181818182
18165.1161391137,18154.0889544272,0.0250521920668058,0.7839248434238,0.18580375782881
34036.6931039392,34015.6408860878,0.108108108108108,0.444015444015444,0.424710424710425
49715.4178054505,49685.3412256144,0.207357859531773,0.444816053511706,0.270903010033445
43882.9439358997,43855.8763215999,0.141643059490085,0.552407932011331,0.288951841359773
34686.1943262632,34665.1409245685,0.286496350364964,0.523722627737226,0.124087591240876
37786.9187143529,37763.860640687,0.136752136752137,0.694444444444444,0.141025641025641
24841.7716794857,24826.7338290174,0.0983981693363844,0.805491990846682,0.0926773455377574
11980.0359399244,11973.0184564029,0.0230905861456483,0.930728241563055,0.0452930728241563
40459.0106128791,40433.9482704877,0.0676923076923077,0.373846153846154,0.532307692307692
24597.1562648759,24582.1187891187,0.0718015665796345,0.751958224543081,0.172323759791123
42188.9249733576,42162.8591111854,0.240909090909091,0.511363636363636,0.225
34644.8983585512,34623.8450321265,0.274907749077491,0.523985239852399,0.14760147601476
42054.0274346631,42027.9618243373,0.108247422680412,0.538659793814433,0.324742268041237
44778.7025586899,44751.6334177508,0.318421052631579,0.452631578947368,0.184210526315789
25436.6299742952,25421.5912126007,0.344667697063369,0.60741885625966,0.0216383307573416
55728.5207923356,55694.4343963922,0.27639751552795,0.531055900621118,0.130434782608696
35292.0039448529,35270.9494389513,0.304492512479201,0.434276206322795,0.126455906821963
51198.7883579203,51167.709259809,0.234527687296417,0.527687296416938,0.188925081433225
43972.9629078256,43945.8951401067,0.160220994475138,0.546961325966851,0.262430939226519
31564.7474160428,31545.6987336166,0.0749464668094218,0.852248394004283,0.0728051391862955
21642.9471252687,21629.9146554343,0.0596107055961071,0.843065693430657,0.0936739659367397
8630.49426043455,8625.4819060419,0.00590841949778434,0.903988183161004,0.0901033973412112
29467.4809316547,29449.4357254241,0.0830258302583026,0.70479704797048,0.20479704797048
34397.3722469797,34376.3193717199,0.176576576576577,0.497297297297297,0.311711711711712
52634.2970626939,52602.215800319,0.267657992565056,0.50185873605948,0.178438661710037
16385.1904421419,16375.1660477639,0.0369685767097967,0.658964879852126,0.301293900184843
41899.6355929932,41873.5702709087,0.131652661064426,0.507002801120448,0.330532212885154
54588.7276420469,54554.6433044841,0.194756554307116,0.524344569288389,0.209737827715356
45454.9543388615,45426.8839659423,0.186813186813187,0.535714285714286,0.260989010989011
26516.63077375,26500.5904730146,0.104991394148021,0.795180722891566,0.0929432013769363
35822.0109089261,35799.9552367006,0.311475409836066,0.454098360655738,0.216393442622951
24602.1124088616,24587.0749255124,0.0718015665796345,0.751958224543081,0.172323759791123
14545.8557419332,14537.8345267185,0.211340206185567,0.624570446735395,0.161512027491409
27030.2776191607,27014.2365858766,0.275985663082437,0.691756272401434,0.0232974910394265
50379.9207021845,50348.8430103446,0.129449838187702,0.566343042071197,0.255663430420712
48127.9438320399,48097.8697832274,0.191558441558442,0.487012987012987,0.256493506493506
29225.2434962181,29207.1987036159,0.0511945392491468,0.621160409556314,0.324232081911263
25801.1078669379,25785.068586661,0.238095238095238,0.500881834215168,0.241622574955908
52041.6709022735,52009.5902773423,0.159863945578231,0.523809523809524,0.285714285714286
36091.7001125325,36069.6442564052,0.20137299771167,0.613272311212815,0.160183066361556
39645.603840693,39621.5427695312,0.270334928229665,0.595693779904306,0.102870813397129
33556.4633073084,33536.4119593312,0.274891774891775,0.575757575757576,0.123376623376623
33303.263451114,33283.2124755266,0.245202558635394,0.669509594882729,0.0682302771855011
17717.8868787178,17707.8605583067,0.244917715392062,0.593417231364956,0.158760890609874
14227.3774201771,14219.3566005822,0.246449456975773,0.750208855472013,0.00167084377610693
45937.4385005155,45909.3675958778,0.219584569732938,0.590504451038576,0.172106824925816
46336.3102097503,46308.2388655387,0.308108108108108,0.5,0.154054054054054
37729.6815110476,37706.6235360653,0.123931623931624,0.692307692307692,0.162393162393162
11528.3307963579,11521.3138442415,0.0736842105263158,0.707692307692308,0.218623481781377
15711.5653609462,15702.5421787214,0.202843601895735,0.78957345971564,0.00568720379146919
33247.350313221,33227.299419867,0.213973799126638,0.692139737991266,0.0851528384279476
41893.7108840856,41867.6455730622,0.130311614730878,0.507082152974504,0.328611898016997
18565.0914495395,18554.0636649165,0.149847094801223,0.805300713557594,0.0438328236493374
18819.6519090666,18808.6237426197,0.21701199563795,0.76226826608506,0.0174482006543075
25001.7429808627,24986.7048853444,0.124550898203593,0.807185628742515,0.0610778443113772
43025.4042325037,42999.3368086696,0.340659340659341,0.549450549450549,0.0989010989010989
24955.1136959596,24940.0756718698,0.114982578397213,0.815331010452962,0.0650406504065041
37371.5075678033,37348.4502103545,0.0949227373068433,0.598233995584989,0.282560706401766
35507.6589597719,35485.6035019039,0.341426403641882,0.385432473444613,0.216995447647951
54013.0596361373,53979.9760320273,0.236842105263158,0.530075187969925,0.180451127819549
40879.160442102,40854.0973370976,0.12755905511811,0.689763779527559,0.174803149606299
50518.8791612066,50487.8012307282,0.167259786476868,0.583629893238434,0.199288256227758
12599.3711351883,12592.3529230546,0.188081936685289,0.810055865921788,0
21680.6071068801,21667.5745665251,0.0707964601769911,0.845764854614412,0.0821744627054362
22349.3548959732,22336.3211033489,0.315169366715758,0.636229749631811,0.0397643593519882
38898.5709090259,38874.5110235837,0.267515923566879,0.343949044585987,0.35828025477707
54086.6204349608,54053.5367142511,0.256603773584906,0.516981132075472,0.169811320754717
14850.3918956367,14841.369869548,0.0106007067137809,0.765901060070671,0.222614840989399
43087.1246655324,43061.0571264696,0.351744186046512,0.537790697674419,0.0901162790697674
52185.3976698773,52153.3168903499,0.170731707317073,0.554006968641115,0.247386759581882
50992.1595531126,50961.0808098525,0.301369863013699,0.534246575342466,0.116438356164384
33242.0107193831,33221.9598338823,0.214750542299349,0.689804772234273,0.0867678958785249
11022.7232590252,11016.7074043221,0.1499700059988,0.848230353929214,0
49000.3473717571,48970.2719320091,0.150602409638554,0.61144578313253,0.210843373493976
47862.4575609155,47833.3836606022,0.307228915662651,0.566265060240964,0.0843373493975904
29453.5694813495,29435.5242988732,0.0770642201834862,0.700917431192661,0.214678899082569
42259.7615929223,42233.6955985019,0.330595482546201,0.459958932238193,0.186858316221766
21180.2171285149,21167.1855251695,0.00922893718368562,0.191426019648705,0.79845192021435
24193.2436216106,24178.2067645819,0.206070287539936,0.567092651757188,0.21405750798722
11179.5476357271,11173.5315920316,0.233644859813084,0.700155763239875,0.0646417445482866
13014.5796476743,13006.5603346396,0.147887323943662,0.68075117370892,0.170579029733959
20010.3524488447,19998.3224418248,0.0542452830188679,0.827830188679245,0.115566037735849
36395.0904394336,36373.0343764236,0.265116279069767,0.57906976744186,0.102325581395349
26443.6170950468,26427.5768984414,0.0938628158844765,0.787003610108303,0.110108303249097
42340.7636730194,42314.6975273725,0.335365853658537,0.479674796747967,0.16260162601626
21222.1808722735,21209.1491903485,0.00478011472275335,0.183556405353728,0.811026131293818
49923.4462890601,49892.3693811403,0.129692832764505,0.457337883959044,0.372013651877133
35368.0952516458,35346.0398889467,0.280388978930308,0.423014586709887,0.178282009724473
50053.8827509472,50022.8056190241,0.0906040268456376,0.51006711409396,0.359060402684564
52493.0844793822,52461.0033688991,0.223404255319149,0.535460992907801,0.205673758865248
33223.2477483338,33203.1968904283,0.207708779443255,0.693790149892934,0.0899357601713062
15502.3341313226,15493.3112299933,0.103122043519395,0.887417218543046,0.00946073793755913
37494.3582527807,37471.3006835231,0.103139013452915,0.652466367713004,0.2152466367713
12208.3090892501,12201.2913371784,0.0588760035682426,0.930419268510259,0.00981266726137377
40743.055685665,40717.992827704,0.124633431085044,0.601173020527859,0.26099706744868
24942.0405813846,24927.0025773207,0.111111111111111,0.814814814814815,0.0694444444444444
56015.5518056326,55981.4648913328,0.32967032967033,0.417582417582418,0.208791208791209
51220.3346914728,51189.2555563592,0.236245954692557,0.504854368932039,0.203883495145631
35253.5325217223,35232.4780859424,0.308724832214765,0.434563758389262,0.109060402684564
21739.0644251419,21726.0317753222,0.0935441370223979,0.83399209486166,0.0711462450592885
29468.9192965165,29450.8740878299,0.0830258302583026,0.70479704797048,0.20479704797048
16271.5550944412,16261.5308642908,0.133271202236719,0.594594594594595,0.269338303821062
45270.5733588036,45242.5031890802,0.1484375,0.546875,0.265625
22082.85114588,22069.8178522995,0.226086956521739,0.744927536231884,0.0246376811594203
24413.9104863988,24398.8732913444,0.0364583333333333,0.640625,0.315972222222222
16955.2986060618,16945.2733877549,0.0747126436781609,0.884099616858238,0.039272030651341
21230.9637493866,21217.9320510151,0.00488599348534202,0.193485342019544,0.800977198697068
33360.7672468162,33340.716186656,0.26219512195122,0.650406504065041,0.0650406504065041
34731.1614378805,34710.1079542244,0.300738007380074,0.518450184501845,0.108856088560886
43379.7953570847,43352.7286002998,0.215946843853821,0.481727574750831,0.249169435215947
24932.0451727255,24917.0071839729,0.109699769053118,0.812933025404157,0.0715935334872979
28500.4779599409,28483.4345938095,0.216165413533835,0.710526315789474,0.0657894736842105
35135.8509739886,35114.7967527064,0.335570469798658,0.436241610738255,0.063758389261745
41083.9766725903,41058.9131958244,0.177024482109228,0.687382297551789,0.116760828625235
14147.8346577565,14139.8139369711,0.190314358538658,0.8071367884452,0.00254885301614274
33830.0740490136,33809.022207766,0.174840085287846,0.477611940298507,0.32409381663113
44010.7543655307,43983.6865334039,0.167130919220056,0.557103064066852,0.245125348189415
49171.8031287559,49141.7274156437,0.20125786163522,0.60062893081761,0.150943396226415
42390.1590548345,42364.092816969,0.358527131782946,0.461240310077519,0.158914728682171
31483.5558301824,31464.5073209069,0.0689388071262587,0.835786212238575,0.0945003872966692
35298.9498908439,35277.895372282,0.306020066889632,0.429765886287625,0.130434782608696
40694.3226054646,40669.2598359589,0.106145251396648,0.548882681564246,0.329608938547486
12339.2117199924,12332.1938139213,0.0830324909747292,0.914259927797834,0.00180505415162455
14187.3521286427,14179.3313587679,0.22108843537415,0.776360544217687,0.00255102040816327
31283.4672088823,31264.4191263196,0.0882352941176471,0.697712418300654,0.209150326797386
19126.7814549384,19115.7528278175,0.294505494505495,0.671428571428571,0.0285714285714286
22971.236736881,22957.2019599974,0.042962962962963,0.734814814814815,0.217777777777778
33076.7956155552,33056.744973042,0.191983122362869,0.660337552742616,0.141350210970464
44595.354585961,44568.2857575014,0.368876080691643,0.498559077809798,0.100864553314121
50980.0794116225,50949.0006891081,0.297945205479452,0.537671232876712,0.116438356164384
14874.4717483156,14865.4496898994,0.0105355575065847,0.782265144863916,0.2071992976295
25334.6244481525,25319.5858427139,0.273570324574961,0.676970633693972,0.0278207109737249
12042.2288823853,12035.2113256974,0.0280289330922242,0.945750452079566,0.0262206148282098
44066.7619524205,44039.6940248401,0.176308539944904,0.578512396694215,0.21763085399449
40598.6819213031,40573.6193253946,0.0874074074074074,0.444444444444444,0.451851851851852
35026.7660031362,35005.7119806828,0.332173913043478,0.464347826086957,0.0452173913043478
26414.946149782,26398.9059940663,0.0867158671586716,0.780442804428044,0.123616236162362
52595.7672477941,52563.6860268628,0.250909090909091,0.52,0.178181818181818
29144.8868998437,29126.842244453,0.073345259391771,0.601073345259392,0.318425760286225
39528.0850098811,39504.0241252497,0.201342281879195,0.655480984340045,0.118568232662192
38351.9476275567,38328.8885797153,0.171631205673759,0.697872340425532,0.0836879432624113
27070.0849599836,27054.0438699274,0.289855072463768,0.679347826086957,0.0217391304347826
35257.0301878745,35235.9757457195,0.309364548494983,0.42809364548495,0.120401337792642
45880.5969300331,45852.5260880373,0.200589970501475,0.595870206489675,0.185840707964602
54304.2510207532,54271.1669550818,0.295454545454545,0.511363636363636,0.121212121212121
43298.7709570897,43272.7030228947,0.261146496815287,0.484076433121019,0.197452229299363
12304.1496929563,12297.1318281336,0.0765124555160142,0.919039145907473,0.00355871886120996
47995.9607874869,47966.8866588334,0.252427184466019,0.521035598705502,0.171521035598705
47060.9458766398,47031.8733472098,0.12624584717608,0.558139534883721,0.289036544850498
32417.6766192942,32397.6269461703,0.0778947368421053,0.545263157894737,0.368421052631579
41007.9707338524,40982.9073950447,0.158362989323843,0.679715302491103,0.144128113879004
27457.1341670484,27440.0923461745,0.121951219512195,0.564459930313589,0.304878048780488
15845.6510775417,15836.6277153052,0.283088235294118,0.712316176470588,0.00275735294117647
52263.597040357,52231.5161767164,0.167832167832168,0.573426573426573,0.241258741258741
44175.8316149122,44148.7635014446,0.195965417867435,0.587896253602305,0.193083573487032
51561.814368033,51529.7342592477,0.321678321678322,0.365967365967366,0.265734265734266
19996.4505344113,19984.4205458507,0.0532544378698225,0.828402366863905,0.117159763313609
23338.7835623659,23324.7482616926,0.110606060606061,0.812121212121212,0.0727272727272727
27247.1254247682,27231.0840822219,0.233812949640288,0.586330935251799,0.169064748201439
29749.9569310055,29731.9112424378,0.259259259259259,0.654882154882155,0.0824915824915825
35815.4373542846,35793.3816865417,0.311475409836066,0.454098360655738,0.216393442622951
17417.9577846795,17407.9318977305,0.270734032411821,0.724499523355577,0.00285986653956149
26382.532616457,26366.4925069686,0.0818181818181818,0.772727272727273,0.136363636363636
23629.4228060112,23615.3870911489,0.176136363636364,0.775568181818182,0.0454545454545455
31380.9286420581,31361.8803516473,0.0760295670538543,0.778247096092925,0.142555438225977
35130.3477165078,35109.2935052564,0.340715502555366,0.436115843270869,0.0596252129471891
18659.7237472543,18648.6958206891,0.173773987206823,0.797441364605544,0.0277185501066098
20641.7544553114,20629.7236098982,0.241182078169685,0.75023832221163,0.00476644423260248
23754.6740941229,23740.6382007654,0.229461756373938,0.735127478753541,0.028328611898017
16804.1604678081,16794.1354679283,0.046918123275069,0.877644894204232,0.0726770929162834
43760.3167191383,43733.2493138318,0.130813953488372,0.546511627906977,0.302325581395349
36444.1404869703,36422.0843905129,0.287058823529412,0.569411764705882,0.0847058823529412
37489.022987614,37465.965427555,0.103139013452915,0.652466367713004,0.2152466367713
22577.7329916732,22563.6987755704,0.195230998509687,0.60655737704918,0.192250372578241
28461.4076643377,28444.3643560719,0.205128205128205,0.723443223443223,0.0659340659340659
21585.9447079826,21572.9123448885,0.0482758620689655,0.833333333333333,0.114942528735632
34308.4296597368,34287.3769465923,0.15018315018315,0.485347985347985,0.34981684981685
19812.5303437426,19800.5005993964,0.0225846925972397,0.790464240903388,0.18444165621079
37745.5083420975,37722.4503398279,0.127155172413793,0.691810344827586,0.157327586206897
32192.2422962033,32172.1929546335,0.165562913907285,0.556291390728477,0.2560706401766
13818.2560411685,13810.2357297918,0.0577889447236181,0.933835845896147,0.00837520938023451
53081.0991714676,53048.0170445888,0.155339805825243,0.427184466019417,0.343042071197411
17674.7694817683,17664.7432236711,0.265325670498084,0.596743295019157,0.134099616858238
21876.0174730661,21862.9845667938,0.136812411847673,0.808180535966149,0.0507757404795487
52049.5538106788,52017.4731772685,0.166666666666667,0.520408163265306,0.282312925170068
34060.9045418149,34039.8522798335,0.11047619047619,0.445714285714286,0.422857142857143
50182.4769359856,50151.3995832231,0.0944625407166124,0.550488599348534,0.299674267100977
29201.9264252452,29183.8816724577,0.0443686006825939,0.616040955631399,0.334470989761092
9745.97861598563,9740.96502510114,0.18117854001759,0.660510114335972,0.156552330694811
10200.9145380536,10194.8996737294,0.0123558484349259,0.919275123558484,0.0683690280065898
39270.6206682811,39246.5601923071,0.16888045540797,0.578747628083491,0.222011385199241
37727.7998465928,37704.7418748547,0.123931623931624,0.692307692307692,0.162393162393162
14813.7881430607,14804.766166113,0.00810810810810811,0.745945945945946,0.245045045045045
48295.4431233297,48265.3688074611,0.111821086261981,0.498402555910543,0.329073482428115
